1a	 A competition must include a WCA Delegate and an organization team (consisting of one or more individuals with the following officials: judges, scramblers and score takers.	 Article_1
1b	 The organization team of a competition is responsible for logistics before, during, and after the competition.	 Article_1
1c	 The WCA Delegate is responsible for ensuring that the competition adheres to the WCA Regulations and any applicable WCA policies or requirements. The WCA Delegate may appoint other members of the organization team to carry out specific responsibilities on their behalf, but is ultimately accountable for how these responsibilities are carried out.	 Article_1
1e	 Each event must have one or more judges.	 Article_1
1e1	 A judge is responsible for executing the procedures of the event.	 Article_1
1e1a	 A judge may judge multiple competitors simultaneously at the discretion of the WCA Delegate, as long as the judge is able to ensure that all WCA Regulations are followed at all times.	 Article_1
1e2	 Every competitor must be available for judging. If required to judge, a competitor may be excused only for a legitimate reason (e.g. being unfamiliar with a puzzle, at the discretion of the WCA Delegate. Penalty: disqualification from an event, multiple events, or all events at that competition (see Regulation 2k.	 Article_1
1f	 Each event must have one or more scramblers. Exception: 3x3x3 Fewest Moves.	 Article_1
1f1	 A scrambler applies scramble sequences to prepare puzzles for attempts (see Regulation A2.	 Article_1
1f2	 Every competitor must be available for scrambling. If required to scramble, a competitor may be excused only for a legitimate reason (e.g. being unfamiliar with scrambling notation, at the discretion of the WCA Delegate. Penalty: disqualification from an event, multiple events, or all events at that competition (see Regulation 2k.	 Article_1
1g	 Each event must have one or more score takers.	 Article_1
1g1	 A score taker is responsible for compiling results.	 Article_1
1g2	 Changes to the result on a score sheet are only permitted at the discretion of the WCA Delegate.	 Article_1
1h	 Competitors in the same round of an event may compete as a single group or be divided into multiple groups.	 Article_1
1h1	 Scramblers and judges for a round must not scramble for/judge competitors in their own group before they have finished all of their attempts for the round. The following exceptions apply:	 Article_1
1h1a	 For 3x3x3 Fewest Moves, judges may judge competitors in their own group before they have finished their attempt (i.e. while they are competing.	 Article_1
1h1b	 For 3x3x3 Multi-Blind, competitors may judge other competitors in their own group after they have finished their attempt.	 Article_1
1j	 All officials may compete in the competition.	 Article_1
1k	 Officials may serve multiple roles (e.g. organization team, WCA Delegate, judge, score taker, scrambler.	 Article_1
2a	 Any person may compete in a WCA competition if they:	 Article_2
2a1	 Comply with WCA Regulations.	 Article_2
2a2	 Meet the competition requirements, which must be clearly announced before the competition.	 Article_2
2a3	 Are not suspended from participation by the WCA.	 Article_2
2a4	 Comply with all reasonable safety measures deemed necessary by the WCA Delegate, which must be clearly announced before the competition.	 Article_2
2b	 Competitors below the age of 18 must obtain consent from their parent(s/guardian(s to register and compete.	 Article_2
2c	 Competitors register by providing all information required by the organization team (including: name, country, date of birth, gender, contact information, selected events.	 Article_2
2c1	 A competitor is not eligible to compete without a completed registration, as determined by the organization team and the WCA Delegate.	 Article_2
2c2	 Returning competitors must provide personal information consistent with their WCA profile. If a competitor wishes to change or update their personal information between competitions (e.g. a change of country, name, or gender, they must contact the WCA Results Team either directly or through a WCA Delegate.	 Article_2
2d	 A competitor's name, country, gender, and competition results are considered public information. All other personal information is considered confidential, and must not be disclosed to outside organizations/persons without the consent of the competitor.	 Article_2
2e	 Competitors must represent a country of which they hold citizenship. The WCA Delegate should verify citizenship by means of documents or photos of documents (e.g. a passport at their first competition. If a competitor is found ineligible to represent the country under which they have registered, the competitor may be disqualified retroactively and/or suspended, at the discretion of the WCA Board.	 Article_2
2e1	 The eligible countries are defined by the WCA List of Recognized Countries.	 Article_2
2e2	 Competitors may change their country at any point between competitions (see Regulation 2c2, as long as it has been at least one year since any previous change.	 Article_2
2e2a	 Exception: If the competitor loses citizenship of the country which they were previously representing, they must change their country before or at their next competition.	 Article_2
2e2b	 Exception: If the competitor has acquired a new citizenship within the calendar year, they may change their country to their new citizenship before or at their next competition.	 Article_2
2e3	 Competitors who have no citizenship may compete as "Stateless".	 Article_2
2f	 Competitors must obey venue rules and conduct themselves in a considerate manner.	 Article_2
2g	 Competitors must remain quiet when inside the designated competition area. Talking is permitted, but must be kept at a reasonable level, and away from competitors who are actively competing.	 Article_2
2g3	 Competitors in a group in progress must not communicate with other competitors in the group about the scrambled states of the group, unless all such competitors are not eligible for any further attempts in the group. Penalty: disqualification of the competitor(s from the event, at the discretion of the WCA Delegate. Exception: For 3x3x3 Fewest Moves and 3x3x3 Multi-Blind, competitors that have finished their attempt may share and discuss the scramble sequence(s with other competitors in the group who have either finished their attempt or declined their attempt.	 Article_2
2g3a	 For rounds where results are being entered live, the organization team may enforce that competitors are not permitted to view the results entered from their group until they have completed their attempts.	 Article_2
2h	 Competitors must be appropriately dressed while in the competition venue. At the discretion of the WCA Delegate, competitors may be disqualified from the competition for inappropriate clothing.	 Article_2
2i	 While inspecting or solving, competitors must not use electronics (e.g. cell phones, ear buds, additional lighting apart from the Stackmat timer or stopwatch. Penalty: disqualification of the attempt (DNF. Any item which has any electronic component is considered electronic.	 Article_2
2i1	 Competitors may use non-electronic aids that do not give an unfair advantage, at the discretion of the WCA Delegate. This includes:	 Article_2
2i1a	 Medical/physical aids worn by the competitor (e.g. glasses, wrist brace. As an exception to Regulation 2i, medical aids may be electronic if the competitor does not have comfortable non-electronic alternatives (e.g. if the competitor has a personal hearing aid or pacemaker.	 Article_2
2i1b	 Earplugs and earmuffs (but not electronic headphones and earbuds.	 Article_2
2i1c	 Non-electronic hand warmers.	 Article_2
2i1d	 Food and drink.	 Article_2
2i2	 Competitors may use cameras and/or microphones at the solving station at the discretion of the WCA Delegate, but the following restrictions apply from the start of the attempt until the competitor stops the solve. Penalty for breaking a restriction: disqualification of the attempt (DNF.	 Article_2
2i2a	 Each camera monitor must be blank or out of sight of the competitor. Exception: if a visible active monitor is discovered, completed attempts need not be disqualified if the competitor did not receive assistance from the monitor, at the discretion of the WCA Delegate (see Regulation A5b, however the competitor must not be permitted to perform any further attempts with such a monitor.	 Article_2
2i2c	 The competitor must not press any buttons on these devices (e.g. for starting or stopping a recording.	 Article_2
2i4	 Competitors should turn off all cell phone notifications while competing to avoid disturbing the competition.	 Article_2
2j	 The WCA Delegate may disqualify a competitor from specific attempts and/or events.	 Article_2
2j1	 If a competitor is disqualified from an event for any reason, they are not eligible for any more attempts in the event.	 Article_2
2j1a	 If the competitor has already started at least one attempt in a round before being disqualified from it, the results of all remaining attempts in the event are recorded as DNF. If the competitor has started no attempts (i.e. has no results or only has DNS results, no results are recorded.	 Article_2
2j2	 Results from attempts that are completed when the disqualification is applied, must not be disqualified. Exception: cheating or defrauding (see Regulation 2k2a.	 Article_2
2j3	 Specific completed attempts may be disqualified under the circumstances described in Regulation 2k, only if the relevant incident occurred during the attempt.	 Article_2
2k	 At the discretion of the WCA Delegate, a competitor may be disqualified from specific attempts and/or events (a single event, multiple events, or all events if the competitor:	 Article_2
2k1	 Fails to check in or register in time for the competition.	 Article_2
2k2	 Is suspected of cheating or defrauding the officials during the competition.	 Article_2
2k2a	 The WCA Delegate may disqualify any suspected results.	 Article_2
2k3	 Behaves in a way that is unlawful/violent/indecent/unsafe, or intentionally damages venue facilities or personal property within the venue.	 Article_2
2k4	 Distracts or interferes with others during the competition.	 Article_2
2k5	 Fails to abide by WCA Regulations during the competition.	 Article_2
2k6	 Does not fulfill the event's requirements (e.g. not knowing how to solve the puzzle. A competitor should not compete with the expectation of a DNF result or an intentionally poor result.	 Article_2
2l	 A competitor may be disqualified immediately, or after a warning, depending on the nature and severity of the infraction.	 Article_2
2l1	 A disqualified competitor is not eligible for the refund of any expenses due to participating in the competition.	 Article_2
2n	 Competitors may verbally dispute a ruling to the WCA Delegate.	 Article_2
2n1	 Disputes are only permitted during the competition (see Regulation 9u, within 30 minutes of the disputed incident and before the start of any following rounds of the relevant event.	 Article_2
2n2	 The WCA Delegate must resolve the dispute before the start of the next round of the event.	 Article_2
2n3	 The competitor must accept all final rulings of the WCA Delegate. Penalty: disqualification from the competition.	 Article_2
2s	 Competitors with circumstances (e.g. disability that may prevent them from abiding by one or more WCA Regulations may request special accommodations from the WCA Delegate. Competitors requesting such accommodations should contact the organization team and WCA Delegate at least two weeks before the competition.	 Article_2
2s1	 Competitors whose circumstances result in it being impossible to follow regular competition procedures may have special accommodations. These cases should be brought up to the WCA Regulations Committee before being applied.	 Article_2
2t	 Each competitor must be familiar with and understand the WCA Regulations before the competition.	 Article_2
2u	 Competitors must be present and ready to compete when they are called to compete for an attempt. Penalty: disqualification from the event.	 Article_2
2u1	 Exception: A competitor who is not present in time for an individually scheduled attempt (e.g. a 3x3x3 Fewest Moves attempt, a 3x3x3 Multi-Blind attempt may be considered to have declined that attempt (DNS, at the discretion of the WCA Delegate.	 Article_2
2u2	 Exception: For rounds with a cumulative time limit, a competitor who arrives late may compete with a reduced cumulative time limit, at the discretion of the WCA Delegate.	 Article_2
3a	 Competitors are responsible for providing their puzzles for the competition.	 Article_3
3a1	 Competitors must be ready to submit their puzzles when they are called (see Regulation 2u.	 Article_3
3a2	 Puzzles must be fully operational, such that normal scrambling is possible.	 Article_3
3a3	 Polyhedral puzzles must use a color scheme with one unique color per face in the solved state. Each puzzle variation must have moves, states, and solutions functionally identical to the original puzzle.	 Article_3
3a4	 Puzzles must not have electronic components (e.g. Bluetooth or Wi-Fi capabilities, motors, sensors, lights. See Regulation 2i.	 Article_3
3d	 Puzzles must have colored parts, which define the color scheme of the puzzle and must be one and only one of the following: colored stickers, colored tiles, colored plastic, or painted/printed colors. All colored parts of a puzzle must be made of a similar material.	 Article_3
3d1	 For competitors with a medically documented visual disability, the following exceptions apply:	 Article_3
3d1a	 Blind competitors may use textured puzzles with different textures on different faces. Each face should have a distinct color, to aid in scrambling and judging.	 Article_3
3d1b	 Color blind competitors who cannot distinguish between the necessary number of colors may use colored parts with patterns, if it has been explicitly approved according to Regulation 2s. Patterns may come from stickers or be drawn.	 Article_3
3d2	 The colors of the colored parts must be solid, with one uniform color per face. Each color must be clearly distinct from the other colors.	 Article_3
3h	 Modifications that enhance the basic concept of a puzzle are not permitted. Modified versions of puzzles are permitted only if the modification does not make any additional information available to the competitor (e.g. orientation or identity of pieces, compared to an unmodified version of the same puzzle.	 Article_3
3h1	 "Pillowed" puzzles are permitted.	 Article_3
3h2	 Puzzles whose colored plastic is visible inside the puzzle (e.g. "stickerless" puzzles are permitted. This does not include the following puzzles:	 Article_3
3h2a	 Puzzles with transparent parts that can reveal more information about the state of the puzzle. Exception: An overlay sticker or a logo (see Regulation 3l.	 Article_3
3h3	 Any modifications to a puzzle that result in poor performance by a competitor are not grounds for additional attempts.	 Article_3
3h4	 For Clock, the following modifications are permitted:	 Article_3
3h4a	 Custom "inserts" (the same shape and size as the traditional paper inserts are permitted, at the discretion of the WCA Delegate. The inserts must have a clear indication of 12 o'clock that matches the original inserts.	 Article_3
3h4b	 Puzzle design customizations that do not give an unfair advantage may be permitted, at the discretion of the WCA Delegate (e.g. checkerboard pattern clocks, faces with a custom design, tape on the side of the Clock.	 Article_3
3h4c	 Customizations which distinguish pins from other pins of the same side are permitted, at the discretion of the WCA Delegate.	 Article_3
3h4d	 Logos anywhere on the puzzle, as long as the inner clock faces remain uncovered.	 Article_3
3h5	 For Clock, loose pins (i.e. pins that can toggle or recede using gravity instead of being directly pressed are not considered reasonable wear, and puzzles with such pins must not be permitted.	 Article_3
3j	 Puzzles must be clean, and must not have any markings, elevated pieces, damage, or other differences that significantly distinguish any piece from a similar piece. Exception: a logo (see Regulation 3l.	 Article_3
3j1	 Puzzles are permitted to have reasonable wear, at the discretion of the WCA Delegate.	 Article_3
3j1a	 Wear should be considered reasonable if it is a result of normal use of the puzzle and if it does not give significant additional information about the state of the puzzle (e.g. about the location of specific pieces.	 Article_3
3j2	 Definition: Two pieces are similar to each other if they are identical in shape and size, or mirrored in shape and identical in size.	 Article_3
3j3	 Corrugated/textured parts which permit the orientation of pieces to be distinguished by feel are not permitted for blindfolded events.	 Article_3
3k	 Puzzles should be approved by the WCA Delegate before use in the competition.	 Article_3
3k1	 If a non-permitted puzzle is found during a round, the competitor must not continue to use the puzzle, and must submit a replacement.	 Article_3
3k2	 Penalty for attempts done with puzzles which are not permitted: disqualification of the attempt (DNF. The following exceptions apply:	 Article_3
3k2a	 If a non-permitted puzzle is found before a round is complete, affected results in the round may be replaced with extra attempts, at the discretion of the WCA Delegate.	 Article_3
3k2b	 3x3x3 Multi-Blind: if any puzzles are found to be non-permitted, such puzzles may be individually counted as unsolved (without disqualifying the entire attempt, at the discretion of the WCA Delegate.	 Article_3
3l	 A puzzle may have one or more logos on a colored part. If it does, it must have at most one colored part with a logo or multiple logos. Exception: For 4x4x4 Blindfolded, 5x5x5 Blindfolded, and 3x3x3 Multi-Blind, a puzzle must not have any logos.	 Article_3
3l1	 The logo must be placed on a center piece. Exceptions for puzzles that do not have center pieces:	 Article_3
3l1a	 For Pyraminx and 2x2x2, the logo may be on any piece.	 Article_3
3l1b	 For Square-1, the logo must be on a piece in the equatorial slice.	 Article_3
3l2	 The logo may be embossed, engraved, or consist of an overlay sticker.	 Article_3
3m	 All brands of puzzles and puzzle parts are permitted, as long as the puzzles comply with all WCA Regulations.	 Article_3
4a	 A scrambler applies scramble sequences to the puzzles.	 Article_4
4b	 Competition scramble sequences must be generated using a current official version of an official WCA scramble program (available via the WCA website.	 Article_4
4b1	 Generated scramble sequences must not be inspected before the competition, and must not be filtered or selected in any way by the WCA Delegate.	 Article_4
4b2	 Scramble sequences for a group must be available only to the WCA Delegate before the start of that group, and only available to the WCA Delegate and the scramblers for the group until it is finished. Exception: For 3x3x3 Fewest Moves, competitors receive scramble sequences during the round (see Article E.	 Article_4
4b2a	 The designated WCA Delegate for the competition must only give access to scramble sequences for future groups to other members of the organization team if they will be temporarily unavailable (e.g. competing themselves, and should give others access to the minimum possible amount of scrambles in this case.	 Article_4
4b3	 Specification for a scramble program: An official scramble sequence must produce a random state from all states that require at least 2 moves to solve (equal probability for each state. The following additions/exceptions apply:	 Article_4
4b3a	 For blindfolded events, the scramble sequence must orient the puzzle randomly (equal probability for each orientation.	 Article_4
4b3b	 2x2x2 Cube: The (random state must require at least 4 moves to solve.	 Article_4
4b3c	 Skewb: The (random state must require at least 7 moves to solve.	 Article_4
4b3d	 Square-1: The (random state must require at least 11 moves to solve.	 Article_4
4b3e	 5x5x5 Cube, 6x6x6 Cube, 7x7x7 Cube, and Megaminx: sufficiently many random moves (instead of random state, at least 2 moves to solve.	 Article_4
4b3f	 Pyraminx: The (random state must require at least 6 moves to solve.	 Article_4
4b4	 Each scramble sequence should be applied during a maximum time frame of 2 hours. This time frame starts when the scramble sequence is applied for the first time.	 Article_4
4d	 Scrambling orientation:	 Article_4
4d1	 NxNxN Cubes and Megaminx are scrambled starting with the white face (if not possible, then the lightest face on the top and the darkest adjacent green face (if not possible, then the darkest adjacent face on the front.	 Article_4
4d2	 Pyraminx is scrambled starting with the yellow face (if not possible, then the lightest face on the bottom and the green face (if not possible, then the darkest adjacent face on the front.	 Article_4
4d3	 Square-1 is scrambled starting with the darker color on front (out of the 2 possible scrambling orientations.	 Article_4
4d4	 Clock is scrambled starting with either side in front and 12 o'clock pointing up.	 Article_4
4d5	 Skewb is scrambled starting with the white face (if not possible, then the lightest face on top and the green face (if not possible, then the darkest adjacent face on the front-left.	 Article_4
4g	 After scrambling a puzzle, the scrambler must verify that the puzzle is scrambled correctly. If the puzzle state is wrong, the scrambler must correct it (e.g. by solving the puzzle and applying the scramble sequence again.	 Article_4
4g1	 The following exceptions apply:	 Article_4
4g1a	 For the 6x6x6 Cube, 7x7x7 Cube, and Megaminx, it is not necessary to correct the puzzle state, at the discretion of the WCA Delegate.	 Article_4
4g1b	 For the 5x5x5 Cube, the scrambler should correct the puzzle state. If correcting the puzzle state would cause a severe detriment to the schedule, it is not necessary to correct it, at the discretion of the WCA Delegate.	 Article_4
4g2	 For Multi-Blind Solving, after scrambling all the cubes, the scrambler must verify there are no duplicate scrambles.	 Article_4
5a	 Examples of puzzle defects include: popped parts, pieces twisted in place, and detached screws/caps/stickers.	 Article_5
5b	 If a puzzle defect occurs during an attempt, the competitor may choose to either repair the defect and continue the attempt, or to stop the attempt. The competitor is not permitted to cause a puzzle defect intentionally, unless correcting a previous puzzle defect (see Regulation 5b3b and Regulation 5b3c. Examples of intentionally causing puzzle defects: removing an attached center cap, rotating a corner piece, peeling a sticker.	 Article_5
5b1	 If a competitor chooses to repair the puzzle, they must repair only the defective parts. Tools and/or parts of other puzzles must not be used to repair the original puzzle. Penalty: disqualification of the attempt (DNF.	 Article_5
5b2	 Any repair to a puzzle must not give the competitor an advantage in solving the puzzle. Penalty: disqualification of the attempt (DNF.	 Article_5
5b3	 Permitted repairs:	 Article_5
5b3a	 If any parts have fallen out or moved out of place, the competitor may place them back.	 Article_5
5b3b	 If the competitor repairs the puzzle but finds that the puzzle is unsolvable later during the solve, they may disassemble and reassemble a maximum of 4 pieces to make the puzzle solvable.	 Article_5
5b3c	 If the puzzle is unsolvable, and can be made solvable by rotating a single corner piece, the competitor may correct the corner piece by twisting it in place without disassembling the puzzle. If multiple corner pieces have been twisted as a result of puzzle defects, the competitor may correct these twists, as long as the number of pieces corrected by the competitor does not exceed the number of pieces twisted as a result of puzzle defects.	 Article_5
5b4	 During a blindfolded phase (see Regulation B4, all repairs must be performed blindfolded. Penalty: disqualification of the attempt (DNF.	 Article_5
5b5	 If some parts of the puzzle are physically detached or not fully placed at the end of the solve, the following regulations apply:	 Article_5
5b5a	 If one or more parts without colored faces are affected, the puzzle is considered solved.	 Article_5
5b5b	 If one part with one colored face is affected, the puzzle is considered solved.	 Article_5
5b5c	 If more than one part with one colored face is affected, the puzzle is considered unsolved (DNF.	 Article_5
5b5d	 If one or more parts with more than one colored face are affected, the puzzle is considered unsolved (DNF.	 Article_5
5b5e	 Regulations 5b5c and 5b5d supersede 5b5a and 5b5b.	 Article_5
5b5f	 If a part is partially detached or not fully placed, its final position is the closest position in which the affected piece would normally fit within the puzzle mechanism, considering the current state of the puzzle. If the final position renders the piece solved, the piece is not considered to be affected by the puzzle defect.	 Article_5
5b6	 Definition: A part is one or more fully connected components from a group of puzzle components that remain connected and do not move relative to each other during ordinary operation of the puzzle (e.g. a 3x3x3 center cap, a Pyraminx tip, a 3x3x3 corner piece missing one face, one face of a 3x3x3 corner piece.	 Article_5
7b	 Spectators must remain at least 1.5 meters away from the solving stations when they are in use.	 Article_7
7c	 Lighting of the competition area must be given special attention. Lighting should be neutral, such that competitors can easily differentiate among the colors on the puzzles.	 Article_7
7e	 The competition area must be smoke-free.	 Article_7
7f	 Solving station:	 Article_7
7f1	 Definitions:	 Article_7
7f1a	 Stackmat: The Speed Stacks Stackmat timer and a full-size compatible mat. Generation 3 Pro Timer, Generation 4 Pro Timer, and/or Generation 5 Pro Timer must be used for time measurement.	 Article_7
7f1b	 Mat: The mat of the Stackmat.	 Article_7
7f1c	 Timer: The timer of the Stackmat, or a stopwatch (for longer attempts.	 Article_7
7f1d	 Surface: The flat surface on which the Stackmat has been placed. The mat is considered a part of the surface. The timer is not considered a part of the surface.	 Article_7
7f2	 The Stackmat timer must be attached to the mat and placed on the surface, with the timer on the side of the mat nearest to the competitor.	 Article_7
7f3	 The organization team should modify Stackmat timers to be more robust against common incidents, by making the buttons more difficult to press by accident (e.g. by attaching O-rings around the buttons and securing the battery more firmly (e.g. by padding the battery compartment.	 Article_7
7f4	 Generation 5 Pro Timer must be used in 2-pad mode.	 Article_7
7h	 If competitors do not remain at the same station for all of their attempts in a round, the competition area must have one or more Competitor Waiting Areas. Exception: rounds with individually scheduled attempts.	 Article_7
7h2	 Definition: A Competitor Waiting Area is an area in which competitors in a group wait at to be called to a solving station.	 Article_7
9a	 The WCA governs competitions for mechanical puzzles that are operated by twisting groups of pieces, commonly known as "twisty puzzles".	 Article_9
9b	 The official events of the WCA are:	 Article_9
9b1	 3x3x3 Cube, 2x2x2 Cube, 4x4x4 Cube, 5x5x5 Cube, 3x3x3 One-Handed, Clock, Megaminx, Pyraminx, Skewb, and Square-1.	 Article_9
9b1a	 Full round format for these events: "Average of 5".	 Article_9
9b1b	 Cutoff format for these events: "Best of 2" cutoff phase for "Average of 5".	 Article_9
9b2	 6x6x6 Cube and 7x7x7 Cube.	 Article_9
9b2a	 Full round format for these events: "Mean of 3".	 Article_9
9b2b	 Cutoff format for these events: "Best of 1" cutoff phase for "Mean of 3".	 Article_9
9b3	 3x3x3 Blindfolded, 4x4x4 Blindfolded, 5x5x5 Blindfolded.	 Article_9
9b3a	 Full round format for these events: "Best of 3".	 Article_9
9b3b	 For these events, the WCA also recognizes "Mean of 3" rankings and records based on the times from "Best of 3" rounds.	 Article_9
9b4	 3x3x3 Fewest Moves.	 Article_9
9b4a	 Full round formats for this event: "Best of X" (where X is 1 or 2 or "Mean of 3".	 Article_9
9b4b	 Cutoff formats for this event: "Best of 1" cutoff phase for "Best of 2" or "Best of X" (where X is 1 or 2 cutoff phase for "Mean of 3".	 Article_9
9b5	 3x3x3 Multi-Blind.	 Article_9
9b5a	 Full round formats for this event: "Best of X" (where X is 1, 2, or 3.	 Article_9
9b5b	 Cutoff formats for this event: "Best of X" (where X is 1 or 2 cutoff phase for "Best of Y" (where Y is 2 or 3, and Y > X.	 Article_9
9f	 The results of a round are measured as follows:	 Article_9
9f1	 All timed results under 10 minutes, except for 3x3x3 Multi-Blind, are measured and truncated to hundredths of a second. All timed averages and means under 10 minutes are measured and rounded to the nearest hundredth of a second.	 Article_9
9f2	 All timed results, averages, and means over 10 minutes, as well as all times for 3x3x3 Multi-Blind results, are measured and truncated to seconds.	 Article_9
9f4	 The result of an attempt is recorded as DNF (Did Not Finish if the attempt is disqualified or unsolved/unfinished.	 Article_9
9f4a	 If a competitor violates a regulation clearly enough that the attempt is certain to be disqualified, the judge should immediately stop the attempt. If the judge is uncertain or a dispute could be disruptive (e.g. because an extra attempt could delay the competition, the judge should consult the WCA Delegate.	 Article_9
9f5	 The result of an attempt is recorded as DNS (Did Not Start if the competitor was eligible for the attempt and did not start it (see Regulation A3b2.	 Article_9
9f6	 For "Best of X" rounds, each competitor is allotted X attempts. The best result of these attempts determines the competitor's ranking in the round.	 Article_9
9f7	 For "Best of X" rounds, a DNF or DNS is the worst possible result.	 Article_9
9f8	 For "Average of 5" rounds, competitors are allotted 5 attempts. Of these 5 attempts, the best and worst attempts are removed, and the arithmetic mean of the remaining 3 attempts determines the competitor's ranking in the round.	 Article_9
9f9	 For "Average of 5" rounds, one DNF or DNS is permitted to count as the competitor's worst result of the round. If a competitor has more than one DNF and/or DNS result in the round, their average result for the round is DNF.	 Article_9
9f10	 For "Mean of 3" rounds, competitors are allotted 3 attempts. The arithmetic mean of the 3 attempts determines the competitor's ranking in the round.	 Article_9
9f11	 For "Mean of 3" rounds, if the competitor has at least one DNF or DNS result, their average result for the round is DNF.	 Article_9
9f12	 For "Best of X" rounds, rankings are assessed based on the best result per competitor. The following are used to compare results:	 Article_9
9f12a	 For timed results, "better" is defined as the shorter time.	 Article_9
9f12b	 For 3x3x3 Fewest Moves, "better" is defined as the shorter solution length.	 Article_9
9f12c	 For 3x3x3 Multi-Blind, rankings are assessed based on the number of puzzles solved minus the number of puzzles not solved, where a greater difference is better. If the difference is less than 0, or if only 1 puzzle is solved, the attempt is considered unsolved (DNF. If competitors achieve the same result, rankings are assessed based on total time, where the shorter recorded time is better. If competitors achieve the same result and the same time, rankings are assessed based on the number of puzzles the competitors failed to solve, where fewer unsolved puzzles are better.	 Article_9
9f13	 For "Mean of 3" and "Average of 5" rounds, rankings are assessed based on the ordering of the averages/means of the competitors, where "better" is the smaller recorded result.	 Article_9
9f14	 For "Mean of 3" and "Average of 5" rounds, if two or more competitors achieve identical average/mean results, rankings are assessed based on the best attempt per competitor, where "better" is defined as the smaller recorded result.	 Article_9
9f15	 Competitors who achieve the same result in a round receive an identical ranking for the round.	 Article_9
9g	 A Cutoff Round is a round with a "Best of X" cutoff phase and a cutoff requirement (e.g. "Best of 2" with a cutoff requirement of strictly better than 2 minutes. If the competitor satisfies the cutoff requirement in at least one of their cutoff phase attempts, they are eligible for the remaining attempts. Attempts from the cutoff phase count towards the full round format.	 Article_9
9i	 Results of official WCA competitions must be listed on the WCA world rankings.	 Article_9
9i1	 The WCA recognizes the following types of regional records: national records, continental records, and world records.	 Article_9
9i2	 All the results of a round are considered to take place on the last calendar date of the round. If a regional record is broken multiple times on the same calendar date, only the best result is recognized as breaking that regional record.	 Article_9
9i3	 If the WCA Regulations for an event are changed, existing regional records stand until they are broken under the new WCA Regulations.	 Article_9
9j	 Each event must be held at most once per competition.	 Article_9
9k	 All competitors may participate in all events of a competition, except in cases specifically approved by the WCA Competition Announcement Team.	 Article_9
9l	 Each round must be completed before any following round of the same event can start. Exception: Extra attempts may be given at any point during a competition to replace an attempt that was initially invalid.	 Article_9
9l1	 An attempt is considered invalid if an extra attempt is required to be granted.	 Article_9
9m	 Events must have at most four rounds.	 Article_9
9m1	 Rounds with 99 or fewer competitors must have at most two subsequent rounds.	 Article_9
9m2	 Rounds with 15 or fewer competitors must have at most one subsequent round.	 Article_9
9m3	 Rounds with 7 or fewer competitors must not have subsequent rounds.	 Article_9
9o	 Cutoff Rounds count as one round when counting the number of rounds per event.	 Article_9
9p	 If an event has multiple rounds, then:	 Article_9
9p1	 At least 25% of competitors must be eliminated between consecutive rounds of the same event.	 Article_9
9p2	 The competitors who advance to the next round must be determined by ranking (best X competitors or by result (all competitors with a better result than X in the preceding round.	 Article_9
9p2a	 For each round, advancement conditions must be announced before the round starts, and should not be changed after it has begun. Changes must be made at the discretion of the WCA Delegate, who must carefully consider the fairness of the change.	 Article_9
9p2b	 Exception: For competitions designated as a National Championship or Continental Championship, the organization team may amend advancement conditions to reserve spaces for competitors representing the relevant region. A maximum of 8 spaces or 50% of spaces in the following round, whichever is the lower, may be reserved in this way. For a round with reserved spaces, the competitors advancing from the previous round are a reserved number of best competitors representing the relevant region, followed by the remaining best competitors representing any region.	 Article_9
9p3	 If a qualifying competitor withdraws from a round, they may be replaced by the best-ranked non-qualifying competitor from the preceding round.	 Article_9
9p4	 A competitor with results of only DNF and/or DNS is not eligible to advance.	 Article_9
9s	 Each round of each event must have a time limit (see Regulation A1a.	 Article_9
9t	 If any change occurs to the results of a competitor after the competition has ended (e.g. score-taking mistake, retroactive penalty, such that the competitor should not have advanced to the next round (or was not allowed to take part in the round, all results of this competitor for all subsequent rounds must be removed (see Regulation 9u.	 Article_9
9t1	 If this makes a round no longer compliant with Regulation 9p1, results of other competitors must not be removed.	 Article_9
9t2	 If this makes a round no longer compliant with Regulation 9m1, 9m2 or 9m3, any subsequent round must not be removed.	 Article_9
9t3	 If any change occurs to the result of a competitor, such that another competitor should not have advanced to the next round, the result of the second competitor must not be removed.	 Article_9
9u	 A competition is considered to have ended if all the following requirements are met simultaneously:	 Article_9
9u1	 All the scheduled rounds in the WCA website are completed.	 Article_9
9u2	 The WCA Delegate has announced the end of the competition. If the WCA Delegate does not announce the end of the competition, either of the following takes the place of this announcement (whichever comes first:	 Article_9
9u2a	 All the listed WCA Delegates permanently leave the venue.	 Article_9
9u2b	 The end of the last calendar date of the competition is reached.	 Article_9
10b	 Only the resting state of the puzzle, after the timer has been stopped, is considered.	 Article_10
10c	 The puzzle may be in any orientation at the end of the solve.	 Article_10
10d	 All parts of a puzzle must be physically attached to the puzzle and fully placed in their required positions. Exception: see Regulation 5b5.	 Article_10
10e	 A puzzle is solved when all colored parts are reassembled and all parts are aligned within the limits specified below:	 Article_10
10e1	 For every two adjacent parts (e.g. two parallel, adjacent slices of a cube of the puzzle that are misaligned by more than the limit described in Regulation 10f, the puzzle is considered to require one additional move to solve (see "Outer Block Turn Metric" in Article 12.	 Article_10
10e2	 If no further moves are required to bring the puzzle to its solved state, the puzzle is considered solved without penalty.	 Article_10
10e3	 If one move is required, the puzzle is considered solved with a time penalty (+2 seconds.	 Article_10
10e4	 If more than one move is required, the puzzle is considered unsolved (DNF.	 Article_10
10f	 Limits of acceptable misalignment for puzzles:	 Article_10
10f1	 NxNxN Cubes: at most 45 degrees.	 Article_10
10f2	 Megaminx: at most 36 degrees.	 Article_10
10f3	 Pyraminx and Skewb: at most 60 degrees.	 Article_10
10f4	 Square-1: at most 45 degrees (U/D or 90 degrees (/.	 Article_10
10h	 Puzzles not specified in this article are judged according to the solved state as defined by the generally accepted goal of the puzzle.	 Article_10
10h1	 The solved state of Clock is achieved when all eighteen inner clock faces point to 12 o'clock.	 Article_10
10h1a	 Inner clock faces that do not clearly point to a particular hour marker are considered to point to the nearest hour marker.	 Article_10
11a	 Incidents include:	 Article_11
11a1	 Incorrect execution of event procedures, by officials or competitors.	 Article_11
11a2	 Interference or facility interruptions (e.g. power failure, emergency alarm activation.	 Article_11
11a3	 Equipment malfunction.	 Article_11
11b	 If an incident occurs, the WCA Delegate determines an impartial and appropriate course of action.	 Article_11
11d	 If the WCA Regulations are not fully clear or if the incident is not covered by the WCA Regulations, then the WCA Delegate must make a decision based on fair sportsmanship (also see Regulation 11e3.	 Article_11
11e	 The WCA Delegate may grant a competitor an extra attempt to replace an attempt affected by an incident. The competitor should appeal verbally or in writing to the judge and WCA Delegate at the time of the incident, before finishing the original attempt, to be eligible for an extra attempt. An appeal does not guarantee the competitor an extra attempt.	 Article_11
11e1	 If a competitor is granted an extra attempt, the extra attempt must be scrambled using a different scramble sequence. This scramble sequence must be generated using a current official version of an official WCA scramble program (see Regulation 4b.	 Article_11
11e2	 If a competitor is granted an extra attempt, the extra attempt should be done right after the attempt that caused it, and must replace the original regularly numbered attempt.	 Article_11
11e3	 If it is unclear whether an incident should result in an extra attempt, the competitor may be granted a provisional extra attempt that will be used only if it is later found that an extra attempt was appropriate (e.g. by a decision of the WRC.	 Article_11
11f	 Decisions about an incident may be supported with video, photographic, or audio evidence, at the discretion of the WCA Delegate.	 Article_11
11f1	 Video, and similar forms of recorded evidence, should be reviewed in real time. Exception: slow-motion or frame-by-frame analysis may be used in the following circumstances:	 Article_11
11f1a	 The individual result is a regional record or a personal record in the top 50 results of the world rankings.	 Article_11
11f1b	 The average or mean the result is a part of is a regional record or a personal record in the top 50 results of the world rankings.	 Article_11
11f1c	 The result is achieved in a final round of a National Championship, Continental Championship or World Championship.	 Article_11
11f1d	 To support the removal of any penalty originally assessed by the judge or WCA Delegate see Regulation 11f2a.	 Article_11
11f2	 Evidence obtained from slow-motion or frame-by-frame analysis may only be used to support the following decisions:	 Article_11
11f2a	 The removal of any penalty originally assessed by the judge or WCA Delegate.	 Article_11
11f2b	 The application of a penalty according to Regulation A3c1, Regulation A4b, or Regulation A4b1.	 Article_11
11f2c	 To investigate cheating (see Regulation 2k.	 Article_11
11g	 The WCA Delegate must ensure that copies of the Regulations and Guidelines are available (e.g. printed, digital, or accessible via internet to officials and competitors for consultation on any incidents.	 Article_11
11h	 A WCA Delegate may require competitors in serious violation of Regulation 2k3 to leave the competition venue, taking into account the seriousness of the situation and the best possible course of action. If the competitor refuses to do so, they may face disciplinary action in the WCA.	 Article_11
11i	 If it is found that a competitor's puzzle was not scrambled correctly after they have completed their solve, the following regulations apply:	 Article_11
11i1	 In the following cases, an extra attempt must be granted to replace the affected attempt. If no extra attempt is granted, the result will be considered DNS:	 Article_11
11i1a	 The individual result is a regional record, or is a personal record in the top 50 competitors of the world rankings.	 Article_11
11i1b	 The average or mean the result is a part of is a regional record, or part of a personal record in the top 50 competitors of the world rankings.	 Article_11
11i1c	 The result is achieved in a final round of a National Championship, Continental Championship or World Championship.	 Article_11
11i1d	 The result was achieved by solving the puzzle in fewer moves than the limits defined in Regulation 4b3.	 Article_11
11i1e	 Exception: For 5x5x5 Cube, 6x6x6 Cube, 7x7x7 Cube, Megaminx, and 3x3x3 Multi-Blind, an extra attempt is not necessary to be granted under the circumstances described above.	 Article_11
11i2	 For all other cases, the result may stand. Exception: the WCA Delegate may grant an extra attempt at their discretion if they believe this provides a significantly fairer outcome (e.g. the incorrect scramble received was extremely easy and the competitor achieved a new personal record, the incorrect scramble impacted the podium for an event, or the puzzle was deliberately scrambled incorrectly.	 Article_11
11i2a	 If an extra attempt would produce a significantly more fair outcome, the original attempt is considered invalid (see Regulation 9l.	 Article_11
11i2b	 If an extra attempt cannot be awarded for an incorrect scramble leading to a significantly unfair outcome (for example, because the incorrect scramble is discovered after the competition the result will be considered DNS.	 Article_11
11j	 If a competitor incorrectly receives a scramble that they have already received (i.e. a duplicate scramble, the following regulations apply:	 Article_11
11j1	 If the competitor believes they received a duplicate scramble in inspection, they should stop their attempt and call over a WCA Delegate without applying any moves to the puzzle. A competitor should not be penalized for incorrectly reporting a duplicate scramble genuinely, at the discretion of the WCA Delegate.	 Article_11
11j2	 If the error is noticed during the group, the WCA Delegate should make an effort to give the competitor the correct scramble. An extra attempt may be given if the WCA Delegate is not certain what the correct scramble should be.	 Article_11
11j3	 If the error is noticed during the competition but after the group, the missing attempt must be replaced with an extra attempt.	 Article_11
11j4	 If the error is only noticed after the competition, the result will be considered DNS.	 Article_11
12a	 Notation for NxNxN Cubes:	 Article_12
12a1	 Face Moves (outer slice:	 Article_12
12a1a	 Clockwise, 90 degrees: F (front face, B (back face, R (right face, L (left face, U (upper face, D (bottom face.	 Article_12
12a1b	 Counter-clockwise, 90 degrees: F', B', R', L', U', D'.	 Article_12
12a1c	 180 degrees: F2, B2, R2, L2, U2, D2.	 Article_12
12a2	 Outer Block Moves (outer slice with adjacent inner slices. For each of the moves defined below, n is the total number of slices to move, which must be in the range 1 < n < N (where N is the number of layers in the puzzle. n may also be omitted, for an implicit value of n = 2 slices. Outer Block Moves are:	 Article_12
12a2a	 Clockwise, 90 degrees: nFw, nBw, nRw, nLw, nUw, nDw.	 Article_12
12a2b	 Counter-clockwise, 90 degrees: nFw', nBw', nRw', nLw', nUw', nDw'.	 Article_12
12a2c	 180 degrees: nFw2, nBw2, nRw2, nLw2, nUw2, nDw2.	 Article_12
12a4	 Rotations (entire puzzle:	 Article_12
12a4a	 Clockwise, 90 degrees: x (same direction as R or L', y (same direction as U or D', z (same direction as F or B'.	 Article_12
12a4b	 Counter-clockwise, 90 degrees: x' (same direction as R' or L, y' (same direction as U' or D, z' (same direction as F' or B.	 Article_12
12a4c	 180 degrees: x2, y2, z2.	 Article_12
12a5	 Outer Block Turn Metric (OBTM is defined as:	 Article_12
12a5a	 Each move of the categories Face Moves and Outer Block Moves is counted as 1 move.	 Article_12
12a5b	 Each move of the Rotations category is counted as 0 moves.	 Article_12
12a6	 Execution Turn Metric (ETM is defined as: Each move of the categories Face Moves, Outer Block Moves, and Rotations is counted as 1 move.	 Article_12
12c	 Notation for Square-1:	 Article_12
12c1	 Moves are applied with one of the two smallest surfaces of the equatorial slice on the left side of the front face.	 Article_12
12c2	 (X, Y means: turn upper layer X times 30 degrees clockwise, turn bottom layer Y times 30 degrees clockwise. X and Y must be integers from -5 to 6, and cannot be both equal to 0.	 Article_12
12c3	 "/" means: turn the right half of the puzzle 180 degrees.	 Article_12
12c4	 Metric for Square-1: (X, Y counts as one move, "/" counts as one move.	 Article_12
12d	 Notation for Megaminx (scrambling notation only:	 Article_12
12d1	 Face Moves:	 Article_12
12d1a	 Clockwise, 72 degrees: U (upper face.	 Article_12
12d1b	 Counter-clockwise, 72 degrees: U' (upper face.	 Article_12
12d2	 Other moves are applied while keeping 3 pieces fixed at the top left of the puzzle:	 Article_12
12d2c	 Clockwise 144 degrees move of the whole puzzle except for the slice of top left three pieces: R++ (vertical slices, D++ (horizontal slices.	 Article_12
12d2d	 Counter-clockwise 144 degrees move of the whole puzzle except for the slice of top left three pieces: R-- (vertical slices, D-- (horizontal slices.	 Article_12
12e	 Notation for Pyraminx:	 Article_12
12e1	 The puzzle is oriented with the bottom face completely horizontal and the front face facing the person who is holding the Pyraminx.	 Article_12
12e2	 Clockwise, 120 degrees: U (upper 2 layers, L (left 2 layers, R (right 2 layers, B (back 2 layers, u (upper vertex, l (left vertex, r (right vertex, b (back vertex.	 Article_12
12e3	 Counter-clockwise, 120 degrees: U' (upper 2 layers, L' (left 2 layers, R' (right 2 layers, B' (back 2 layers, u' (upper vertex, l' (left vertex, r' (right vertex, b' (back vertex.	 Article_12
12g	 Notation for Clock:	 Article_12
12g1	 The puzzle is oriented with 12 o'clock on top, and either side in front.	 Article_12
12g2	 Move pins up: UR (top-right, DR (bottom-right, DL (bottom-left, UL (top-left, U (both top, R (both right, D (both bottom, L (both left, ALL (all.	 Article_12
12g3	 Turn a wheel next to an up-position pin and move all pins down afterwards: X+ (X clockwise turns, X- (X counter-clockwise turns.	 Article_12
12g4	 Turn around the puzzle so that 12 o'clock stays on top, and then move all pins down: y2.	 Article_12
12h	 Notation for Skewb:	 Article_12
12h1	 The puzzle is oriented with three faces fully visible, where the upper face is on top.	 Article_12
12h2	 Clockwise, 120 degrees: R (the layer around the farthest visible bottom-right vertex, U (the layer around the farthest visible upper vertex, L (the layer around the farthest visible bottom-left vertex, B (the layer around the farthest non-visible back vertex.	 Article_12
12h3	 Counter-clockwise, 120 degrees: R' (the layer around the farthest visible bottom-right vertex, U' (the layer around the farthest visible upper vertex, L' (the layer around the farthest visible bottom-left vertex, B' (the layer around the farthest non-visible back vertex.	 Article_12
12i	 Definition: A move is considered to be any change to the puzzle state in terms of the notation defined above, including misalignments beyond the limits described in Regulation 10f.	 Article_12
12i1	 Exception: For Clock, only changes in the position of the inner clock faces are considered to be moves. Changes to the state of the pins are not considered to be moves.	 Article_12
A1	 Speed Solving attempts must abide by the following procedures.	 Article_A
A1a	 The organization team must apply at least one kind of time limit (time limit per attempt and/or cumulative time limit to each round.	 Article_A
A1a1	 The default time limit is 10 minutes for each attempt in a round, though the organization team may announce a higher or lower time limit per attempt. In this case, the limit must be the same for all attempts in a round.	 Article_A
A1a2	 For events other than 3x3x3 Fewest Moves and 3x3x3 Multi-Blind, the organization team may define a cumulative time limit. The cumulative time limit must either apply to all attempts in one round (e.g. 3 attempts with a cumulative time limit of 20 minutes, or to all attempts in a combination of rounds for different events. In this case, the time limit for a particular attempt is the time limit or the cumulative time limit minus the total time in other attempts counting towards the time limit so far (see Regulation A1a5, whichever is lower. If a round has an applicable cumulative time limit, it must have at most one.	 Article_A
A1a3	 The time limits for all rounds must be announced before the competition, and should not be changed after any affected rounds have begun. Changes must be made at the discretion of the WCA Delegate, who must carefully consider the fairness of the change.	 Article_A
A1a4	 The competitor must end each solve before the time limit for the attempt is reached. If a competitor's timer reaches the time limit for an attempt, the judge stops the solve immediately and records the result as DNF. Exception: 3x3x3 Multi-Blind (see Regulation H1b1.	 Article_A
A1a5	 The time counting towards the time limit for an attempt is either the result after time penalties are applied (if the result was not DNF or the time elapsed in the solve (if the result was DNF.	 Article_A
A1b	 If the time limit for an attempt is greater than 10 minutes, a stopwatch must be used for timekeeping.	 Article_A
A1b1	 A Stackmat must be used in addition to the stopwatch. Exception: for events without inspection where the competitor is expected to exceed 10 minutes, use of the Stackmat is optional.	 Article_A
A1b2	 If a time from the Stackmat timer is available, it is the original recorded time. Otherwise (e.g. the Stackmat timer malfunctioned, ran for over 10 minutes or was not used at all, the stopwatch time is the original recorded time.	 Article_A
A1c	 A competitor participating in an event must be able to fulfill the event's requirements (see Regulation 2k6.	 Article_A
A2	 Scrambling:	 Article_A
A2a	 When called for a round, the competitor submits a solved puzzle to the scrambler.	 Article_A
A2a1	 If a Competitor Waiting Area is in use, the competitor must remain within their assigned Competitor Waiting Area until they are called to complete an attempt. The competitor must return to their assigned Competitor Waiting Area after completing each attempt if they have more attempts in the round. Exception: competitors may leave the Competitor Waiting Area with permission from the WCA Delegate. Penalty: disqualification of the remaining attempts (DNF, at the discretion of the WCA Delegate.	 Article_A
A2a2	 If a Competitor Waiting Area is not in use, the competitor must remain at their assigned solving station until they have completed all their attempts in the round. Exception: competitors may leave their assigned solving station with permission from the WCA Delegate. Penalty: disqualification of the remaining attempts (DNF, at the discretion of the WCA Delegate.	 Article_A
A2a3	 Once called for a round, a competitor must not attempt to enter any area assigned for scrambling until all competitors in their group have no further attempts, unless permission has been granted by the WCA Delegate.	 Article_A
A2b	 A scrambler scrambles the puzzle according to the regulations in Article 4.	 Article_A
A2b1	 For Square-1, the organization team may enforce placing a thin object in the puzzle to prevent accidental moves from being applied before the start of the attempt. If these objects are used, the organization team should make an announcement before the round starts.	 Article_A
A2c	 After the scrambler starts scrambling the puzzle, the competitor must not see the puzzle until the inspection phase starts.	 Article_A
A2c1	 The scrambler places a cover over the scrambled puzzle that makes it impossible for any competitors or spectators to see any part of the puzzle. The cover remains over the puzzle until the start of the attempt.	 Article_A
A2c2	 When competing, competitors must not actively try to watch another competitor complete an official attempt. If the competitor watches another competitor attempt a scramble they have not yet received, the corresponding attempt is recorded as DNF.	 Article_A
A2d	 When taking a puzzle from the scrambler, the judge briefly inspects the puzzle to ensure thorough scrambling of the puzzle. The judge raises any concerns with the scrambler, who then conducts a detailed check.	 Article_A
A2d1	 The scrambler or an authorized judge must check the scrambled puzzle, and sign the score sheet to affirm that they applied the correctly-numbered scramble sequence and checked that it matches the image (see Regulation 4g. Exception: for 6x6x6 Cube, 7x7x7 Cube, and Megaminx the scrambler may sign to affirm that the puzzle is sufficiently scrambled (see Regulation 4g1. Scrambler signatures should be consistent throughout the competition and should identify the scrambler.	 Article_A
A2e	 The judge places the puzzle onto the mat in an arbitrary orientation while ensuring that it remains completely covered.	 Article_A
A2e1	 The competitor is not permitted to request a specific orientation, and the judge must not influence the orientation they place the puzzle on the mat based on what they know or expect the puzzle state to be.	 Article_A
A2e2	 The competitor must not remove the cover themselves. Penalty: disqualification of the attempt (DNF.	 Article_A
A3	 Inspection:	 Article_A
A3a	 The competitor may inspect the puzzle at the start of each attempt.	 Article_A
A3a1	 The competitor is allotted strictly less than 15 seconds to inspect the puzzle and start the solve.	 Article_A
A3b	 The judge prepares the timer by turning it on and resetting if necessary. If a Generation 5 Pro Timer is in use, the judge must ensure it is set to 2-Pad mode. Separately, the judge also prepares a stopwatch for timing inspection (see Regulation A4d.	 Article_A
A3b1	 When the judge believes the competitor is ready, the judge asks "READY?". The competitor must be ready to start the attempt within one minute from the moment they are asked, or else the competitor forfeits the attempt (DNS, at the discretion of the judge.	 Article_A
A3b2	 The competitor starts the attempt by confirming that they are ready, and the judge uncovers the puzzle and starts timing the inspection.	 Article_A
A3b3	 When 8 seconds of inspection have elapsed, the judge calls "8 SECONDS".	 Article_A
A3b4	 When 12 seconds of inspection have elapsed, the judge calls "12 SECONDS".	 Article_A
A3b5	 The judge stops timing inspection as soon as the competitor lifts their hands and starts the timer (see Regulation A4d.	 Article_A
A3c	 The competitor may pick up the puzzle during inspection.	 Article_A
A3c1	 The competitor must not apply moves or intentional changes in alignment during inspection. Penalty: disqualification of the attempt (DNF. Exception: see Regulation A3c2 and Regulation A3c5.	 Article_A
A3c2	 If the parts of the puzzle are not fully aligned when the cover is removed, then the competitor may align the faces, as long as misalignments stay within the limits of Regulation 10f.	 Article_A
A3c3	 The competitor may reset the timer before the start of the solve.	 Article_A
A3c4	 For Square-1, if the use of a thin object inside the puzzle has been enforced by the organization team (see Regulation A2b1, the competitor may remove the object from the puzzle during inspection.	 Article_A
A3c5	 For Square-1, the competitor should not be penalized for any accidental move made within the limits of Regulation 10f.	 Article_A
A3d	 At the end of the inspection, the competitor places the puzzle on the mat, in any orientation. The puzzle must be placed fully on the mat and must not be fully or partially resting on the Stackmat timer. Penalty: time penalty (+2 seconds.	 Article_A
A4	 Starting the solve:	 Article_A
A4b	 The competitor uses their fingers to touch the elevated sensor surfaces of the Stackmat timer. The competitor's palms must be facing down, and located on the side of the timer that is closer to the competitor. Penalty: time penalty (+2 seconds.	 Article_A
A4b1	 The competitor must have no physical contact with the puzzle while starting the solve. Penalty: time penalty (+2 seconds.	 Article_A
A4d	 If a Stackmat timer is in use, the competitor should keep their hands on the timer until they see a green timer light. The timer is started when they remove their hand(s from the timer. The competitor starts the solve by starting the timer.	 Article_A
A4d1	 The competitor must start the solve within 15 seconds of the start of the inspection. Penalty: time penalty (+2 seconds.	 Article_A
A4d2	 The competitor must start the solve within 17 seconds of the start of the inspection. Penalty: disqualification of the attempt (DNF.	 Article_A
A4d3	 If a stopwatch is in use, the judge starts the stopwatch as soon as the competitor starts the solve.	 Article_A
A4e	 Time penalties for starting the solve are cumulative.	 Article_A
A5	 During the solve:	 Article_A
A5a	 While inspecting or solving the puzzle, the competitor must not communicate with anyone other than the judge or the WCA Delegate. Penalty: disqualification of the attempt (DNF. Exception: If the competitor does not gain an advantage by communicating with anyone other than the judge or the WCA Delegate, the result may stand, at the discretion of the WCA Delegate.	 Article_A
A5b	 While inspecting or solving the puzzle, the competitor must not receive assistance from anyone or any object other than the surface (also see Regulation 2i. Penalty: disqualification of the attempt (DNF.	 Article_A
A5c	 The competitor may hold the puzzle against the surface to help operate the puzzle (see Regulation 7f1d.	 Article_A
A6	 Stopping the solve:	 Article_A
A6a	 The competitor releases the puzzle before stopping the solve, and stops the solve by stopping the timer. If a stopwatch is in use, the judge stops the stopwatch as soon as the competitor does this.	 Article_A
A6a1	 If the judge is not immediately available to stop the stopwatch when a stopwatch is in use, the competitor may stop the stopwatch.	 Article_A
A6b	 The competitor is responsible for stopping the Stackmat timer correctly.	 Article_A
A6b1	 If the timer stops before the competitor has solved the puzzle and the timer shows a time strictly below 0.06 seconds, then the attempt is replaced by an extra attempt. Exception: No extra attempt is required if the WCA Delegate determines that the timer was stopped deliberately, or as a result of interacting with the timer in an unusual way (e.g. making only minimal contact with the timer, not lifting the hands cleanly away from the timer.	 Article_A
A6b2	 If the timer stops before the competitor has solved the puzzle and displays a time of 0.06 seconds or higher, then the attempt is disqualified (DNF. Exception: The WCA Delegate may provide an extra attempt if they believe the timer may have malfunctioned and the competitor did not stop the timer deliberately.	 Article_A
A6c	 The competitor must fully release the puzzle before stopping the timer. Penalty: disqualification of the attempt (DNF. Exception: If no move or any change in alignment has been applied after stopping the timer and before releasing the puzzle, a time penalty (+2 seconds may be assigned instead, at the discretion of the judge.	 Article_A
A6d	 The competitor must stop the Stackmat timer using both hands, placed flat on the sensors with palms down. Penalty: time penalty (+2 seconds.	 Article_A
A6e	 After stopping the timer, the competitor must not touch, apply a move, or make any change in alignment to the puzzle, until the judge has inspected the puzzle.	 Article_A
A6e1	 Penalty for applying a move to the puzzle after stopping the timer: disqualification of the attempt (DNF.	 Article_A
A6e2	 Penalty for touching the puzzle after stopping the timer without applying any moves: time penalty (+2 seconds. Exception: if immediately after stopping the timer, the competitor briefly touches the puzzle without affecting its state, the time penalty may be lifted, at the discretion of the judge (see Regulation 11f.	 Article_A
A6f	 The competitor must not reset the timer until both the competitor and the judge have signed the score sheet. Penalty: disqualification of the attempt (DNF, at the discretion of the judge. Exception: see Regulation A7c5.	 Article_A
A6f1	 If the competitor resets the timer before the result has been completely recorded, the judge must not write down the result from memory or from video or photographic evidence, and must disqualify the attempt instead (DNF.	 Article_A
A6g	 The judge determines whether the puzzle is solved. If the puzzle is misaligned, it must not be touched before the judge has determined its final state.	 Article_A
A6h	 In case of a dispute, moves or alignments must not be applied to the puzzle before the dispute is resolved.	 Article_A
A6i	 Time penalties for stopping the solve are cumulative.	 Article_A
A7	 Recording results:	 Article_A
A7a	 The judge tells the competitor the result.	 Article_A
A7a1	 The judge should indicate to the competitor that the puzzle is solved, or that a penalty will be applied.	 Article_A
A7b	 The judge records the result on a score sheet and signs next to the result to acknowledge that the result is correct, complete, properly formatted, and clearly readable. Judge signatures should be consistent throughout the competition and should identify the judge.	 Article_A
A7b1	 If penalties are assigned, the judge records the original recorded time displayed on the timer, along with any penalties. The format should be "T + X = F", where T represents the time displayed on the timer (the "original recorded time", X represents a sum of time penalties during the attempt, and F represents the final result (e.g. 17.65 + 4 = 21.65.	 Article_A
A7c	 The competitor must check the recorded result, and sign the score sheet to acknowledge that the result is correct, complete, properly formatted, and clearly readable. This finishes the attempt.	 Article_A
A7c1	 If the competitor or the judge refuses to accept and sign the score sheet, the WCA Delegate must resolve the dispute.	 Article_A
A7c2	 If the competitor intentionally signs (or otherwise marks an attempt before they have begun it, they forfeit the attempt and the result will be considered DNS. Exception: for 3x3x3 Multi-Blind, the competitor may write the number of cubes they are attempting on the scorecard.	 Article_A
A7c3	 If the competitor signs (or otherwise marks an attempt after starting the attempt but before the judge has finished recording the result, the attempt will be considered unfinished (DNF.	 Article_A
A7c4	 The competitor should not sign an attempt before the judge has recorded and signed the attempt. The competitor is ultimately responsible for ensuring that they and the judge have signed an attempt. If an attempt is found to be missing one or both signatures after the judge delivered the score sheet to the score taker (see Regulation A7f, it will be considered unfinished (DNF.	 Article_A
A7c5	 Missing signatures found before the end of the competition (see Regulation 9u may be added by the judge and/or the competitor, at the discretion of the WCA Delegate.	 Article_A
A7c6	 Competitor signatures should be consistent throughout the competition and should identify the competitor. Competitors must not intentionally sign incorrectly. Penalty: disqualification of the attempt (DNF, at the discretion of the WCA Delegate.	 Article_A
A7c7	 The competitor should not mark the score sheet anywhere other than in the area provided for them to sign.	 Article_A
A7c8	 If a signature was missed due to the inexperience of the competitor, it may be added at any time, at the discretion of the WCA Delegate. If it is no longer possible for the scorecard to be physically signed by the competitor or the judge, an attestation that the result was correctly recorded may be accepted as a signature, at the discretion of the WCA Delegate.	 Article_A
A7f	 When a competitor's score sheet for a round is complete, the judge delivers the score sheet to the score taker.	 Article_A
A7g	 At the discretion of the WCA Delegate, an incident or penalty caused by a competitor's inexperience may be replaced with an extra attempt.	 Article_A
B1	 Standard speed solving procedures are followed, as described in Article A (Speed Solving. Additional regulations that supersede the corresponding procedures in Article A are described below.	 Article_B
B1a	 There is no inspection period (i.e. the solve starts at the same time as the attempt.	 Article_B
B1b	 The competitor supplies their own blindfold.	 Article_B
B2	 Starting the attempt:	 Article_B
B2a	 The judge resets the timer(s as in Regulation A3b and indicates that they are ready for the competitor to start the attempt (e.g. placing the puzzle cover in front of the competitor, saying "READY", giving a thumbs-up signal. The competitor must start the attempt within one minute, else the competitor forfeits the attempt (DNS, at the discretion of the judge.	 Article_B
B2b	 When using the Stackmat timer, the competitor uses their fingers to touch the elevated sensor surfaces of the timer. The competitor's palms must be facing down, and located on the side of the timer that is closer to them. Penalty: time penalty (+2 seconds.	 Article_B
B2c	 When using the Stackmat timer, the competitor must have no physical contact with the puzzle or the puzzle cover while starting the attempt. Penalty: time penalty (+2 seconds.	 Article_B
B2d	 When using the Stackmat timer, the competitor should keep their hands on the timer until they see a green timer light. The timer is started when they remove their hand(s from the timer. The competitor starts the attempt and the solve by starting the timer.	 Article_B
B2d1	 The competitor removes the cover from the puzzle after starting the timer.	 Article_B
B2d2	 If a stopwatch is in use in addition to the Stackmat timer, the judge starts the stopwatch as soon as the competitor starts the solve.	 Article_B
B2f	 When using a stopwatch as the only timer, the competitor confirms they are ready and starts the solve by lifting the cover. The judge starts the stopwatch as soon as the competitor starts the solve.	 Article_B
B3	 Memorization phase:	 Article_B
B3a	 The competitor may pick up the puzzle during the memorization phase.	 Article_B
B3b	 The competitor must not make physical notes. Penalty: disqualification of the attempt (DNF.	 Article_B
B3c	 The competitor must not apply moves or intentional changes in alignment (see Regulation A3c2 to the puzzle during the memorization phase. Penalty: disqualification of the attempt (DNF.	 Article_B
B3d	 If the parts of the puzzle are not fully aligned, then the competitor may align the faces, as long as misalignments stay within the limits of Regulation 10f (see Regulation A3c2.	 Article_B
B4	 Blindfolded phase:	 Article_B
B4a	 The competitor dons the blindfold to start the blindfolded phase.	 Article_B
B4a1	 Until the competitor applies the first move to the puzzle, they may remove the blindfold to return to the memorization phase.	 Article_B
B4b	 The competitor must not apply moves or intentional changes in alignment to the puzzle before they have fully donned the blindfold. Penalty: disqualification of the attempt (DNF.	 Article_B
B4c	 As soon as the competitor applies the first move to the puzzle, the judge must ensure that there is a sight blocker (e.g. a sheet of paper or cardboard between the competitor's face and the puzzle.	 Article_B
B4c1	 In all cases, the competitor must wear the blindfold such that their view of the puzzle would still clearly be blocked if the sight blocker were not in the way.	 Article_B
B4c2	 A sight blocker must be positioned such that the competitor's view of the puzzle would still clearly be blocked if they were not wearing a blindfold.	 Article_B
B4c3	 If the judge and competitor agree beforehand, or if required by the organization team, a suitable object (e.g. a music stand, the surface of the table placed by the competitor may be used as the sight blocker. The competitor must make a reasonable attempt to place the sight blocker themselves. Penalty: disqualification of the attempt (DNF. If the sight blocker is not positioned such that the competitor's view of the puzzle would still clearly be blocked if they were not wearing a blindfold, an extra sight blocker should be placed by the judge.	 Article_B
B4d	 The competitor must not look at the puzzle at any point during the blindfolded phase. Penalty: disqualification of the attempt (DNF.	 Article_B
B5	 Stopping the solve:	 Article_B
B5a	 When using the Stackmat timer, the competitor stops the solve by releasing the puzzle and then stopping the timer.	 Article_B
B5a1	 If a stopwatch is in use in addition to the Stackmat timer, the judge stops the stopwatch as soon as the competitor stops the solve.	 Article_B
B5b	 When using a stopwatch as the only timer, the competitor stops the solve by releasing the puzzle and notifying the judge that they have stopped the solve. The judge stops the stopwatch as soon as the competitor does this.	 Article_B
B5b1	 The competitor's default notification signal consists of releasing the puzzle(s from their hands and placing their hands on the surface, with palms down. The competitor and the judge may agree on another appropriate notification before the start of the attempt.	 Article_B
B5c	 If the competitor is not touching the puzzle, they may remove the blindfold before they stop the timer. They must not touch the puzzle until the end of the solve. Penalty for touching the puzzle: disqualification of the attempt (DNF.	 Article_B
C1	 Standard speed solving procedures are followed, as described in Article A (Speed Solving. Additional regulations that supersede the corresponding procedures in Article A are described below.	 Article_C
C1b	 During the solve, the competitor must use only one hand to operate the puzzle. Penalty: disqualification of the attempt (DNF.	 Article_C
C1b2	 If a puzzle defect occurs, and the competitor chooses to repair it, they must repair it using only the solving hand. Penalty: disqualification of the attempt (DNF.	 Article_C
C1b3	 If other body parts of the competitor come in contact with the puzzle or parts of the puzzle without the competitor's intention and without applying moves, this is not considered operating the puzzle, at the discretion of the judge.	 Article_C
C1b4	 During the solve, the competitor may hold the puzzle against the surface to help operate the puzzle (see Regulation 7f1d.	 Article_C
C1c	 During the solve, once a competitor operates the puzzle with one hand, they must not operate the puzzle with the other hand. Penalty: disqualification of the attempt (DNF.	 Article_C
E2	 Procedure for 3x3x3 Fewest Moves:	 Article_E
E2a	 The judge distributes a scramble sequence and paper to all competitors. The judge then starts the stopwatch and calls "GO".	 Article_E
E2a1	 Before the attempt has begun, the competitor must not write on any paper intended for the attempt. Exception: the competitor may write information to identify the attempt (see Regulation E2c1. If they write this information on the paper that contains the scramble sequence, they must write only on the side without the scramble sequence before the attempt. Penalty for writing anything other than information to identify the attempt: disqualification of the attempt (DNF.	 Article_E
E2b	 All competitors have a total time limit of 60 minutes to find and write a solution.	 Article_E
E2b1	 The judge should call "5 MINUTES REMAINING" at 55 minutes, and must call "STOP" at 60 minutes.	 Article_E
E2b2	 If a competitor joins an attempt that is already in progress (see Regulation E6, their time limit is the time remaining (i.e. they must finish when other competitors reach their 60 minute time limit.	 Article_E
E2c	 At 60 minutes, each competitor must submit to the judge a single piece of paper with a written solution and information to identify the attempt. The competitor's solution is considered correct if starting with a solved puzzle and applying the scramble sequence followed by the solution results in a solved puzzle. Penalty for an incorrect solution: disqualification of the attempt (DNF.	 Article_E
E2c1	 Information to identify the attempt is: the competitor's name, WCA ID, or competition registrant ID (at least one, optionally multiple, and optionally the competition name, round, or attempt number. Penalty for a submitted solution without information to identify the attempt: disqualification of the attempt (DNF. Information to identify the attempt may be added by the competitor after the attempt has been submitted but before the end of the competition, at the discretion of the WCA Delegate and under the direct supervision of a judge. The competitor must not write anything after the time limit without the judge's supervision and must not make any changes to the solution. Penalty: disqualification of the attempt (DNF.	 Article_E
E2c2	 The solution must be an unambiguous sequence of moves with each move written out in sequential order. Penalty for an ambiguous solution: disqualification of the attempt (DNF.	 Article_E
E2c3	 The competitor should make it clear which moves are intended to be part of their solution, by clearly blacking out/scribbling out any moves to exclude, or by drawing a single outline around their solution.	 Article_E
E2c4	 Only numbers, letters, and apostrophes are considered as part of a competitors solution. Other symbols are disregarded. The remaining solution must only use moves that are exactly defined as notation for the 3x3x3 Cube in Regulation 12a. Penalty: disqualification of the attempt (DNF.	 Article_E
E2c6	 If a competitor used incorrect capitalization for a move defined in Regulation 12a, it should be interpreted as if it has the correct capitalization and accepted as valid notation.	 Article_E
E2c7	 Any writing or other markings on the solution sheet which are clearly not a part of the competitor's intended solution may be disregarded, at the discretion of the judge.	 Article_E
E2c8	 Competitors must not intentionally make their solution harder to judge by using moves or symbols not defined as notation for the 3x3x3 Cube, incorrect capitalization, or by any other means. Penalty: disqualification of the attempt (DNF at the discretion of the WCA Delegate.	 Article_E
E2d	 The competitor's result is the number of moves in their solution, calculated using Outer Block Turn Metric (see Regulation 12a5.	 Article_E
E2d1	 The competitor's solution must not exceed 80 moves (including rotations when calculated using Execution Turn Metric (see Regulation 12a6. Penalty: disqualification of the attempt (DNF.	 Article_E
E2e	 The competitor's solution must not be directly derived from any part of the scramble sequence. Penalty: disqualification of the attempt (DNF, at the discretion of the WCA Delegate.	 Article_E
E2e1	 The WCA Delegate may ask the competitor to explain the purpose of each move in their solution, irrespective of the scramble sequence. If the competitor cannot give a valid explanation, the attempt is disqualified (DNF.	 Article_E
E3	 The competitor may use the following objects during the attempt. Penalty for using unauthorized objects: disqualification of the attempt (DNF.	 Article_E
E3a	 Paper (supplied by the judge, the solution sheet (supplied by the judge, a picture of the scramble for that attempt (which may be included on the paper or solution sheet, and pens/pencils or similar (supplied by the judge, or optionally self-supplied.	 Article_E
E3b	 3x3x3 Cubes (at most 3, self-supplied, which must be as described in Article 3 before starting the attempt.	 Article_E
E3c	 Stickers (self-supplied.	 Article_E
E3d	 Stopwatch or watch (self-supplied for keeping track of the elapsed time, if it is approved by the WCA Delegate.	 Article_E
E3e	 Other non-electronic aids that do not give an unfair advantage, at the discretion of the WCA Delegate (see Regulation 2i1.	 Article_E
E3f	 Tools to remove markings (self-supplied, such as correction fluid, correction tape, or erasers.	 Article_E
E4	 The WCA Delegate may choose to publish the solutions (e.g. photo of the score sheets or transcriptions of solutions.	 Article_E
E5	 The competitor must not communicate with anyone other than the WCA Delegate or the judge. This communication should be about the WCA Regulations and the competitor must not receive assistance deriving their solution. Penalty: disqualification of the attempt (DNF.	 Article_E
E6	 A competitor may join a 3x3x3 Fewest Moves attempt that is already in progress, at the discretion of the WCA Delegate. Exception: a competitor must not be permitted to join an ongoing attempt in the following cases:	 Article_E
E6a	 A competitor has finished their attempt already (see Guideline E2b+.	 Article_E
E6b	 The attempt takes place in a competition with multiple physical locations (i.e. "3x3x3 Fewest Moves simultaneous competitions".	 Article_E
E6c	 There is any risk that information about the scramble may have become known to the competitor who wishes to join.	 Article_E
H1	 Standard blindfolded solving procedures are followed, as described in Article B (Blindfolded Solving. Additional regulations that supersede the corresponding procedures in Article B are described below.	 Article_H
H1a	 Before an attempt, the competitor must submit to the organization team the number of puzzles (at least 2 they wish to attempt.	 Article_H
H1a1	 A competitor is not permitted to change the number of puzzles after submitting their number to the organization team.	 Article_H
H1a2	 A competitor may request to keep their submission private until all competitors have submitted their numbers. Once all competitors have reported their numbers, the information becomes public (e.g. a competitor may ask for the numbers of any other competitors before starting their attempt.	 Article_H
H1a3	 Before the attempt, the scrambled puzzles must be placed on the table in an arbitrary orientation while ensuring they remain completely covered. The puzzles should be arranged in a shape as square as possible and should not be stacked (e.g. 8 puzzles should be arranged in 2 rows with 3 puzzles and 1 row with 2 puzzles and in 1 layer only.	 Article_H
H1b	 If a competitor is attempting fewer than 6 puzzles, they are allotted a time limit of 10 minutes times the number of puzzles in the attempt, else the time limit is 60 minutes.	 Article_H
H1b1	 The competitor may signal the end of the solve at any time. If and when the time limit is reached, the judge stops the attempt and the attempt is then scored; the time limit for the attempt counts as the original recorded time.	 Article_H
H1d	 Time penalties for the puzzles of the attempt are cumulative.	 Article_H
H1e	 The competitor must not apply any moves to one or more puzzles during the memorization phase. Penalty: disqualification of the attempt (DNF. Exception: these individual puzzles may be considered unsolved at the end of the attempt instead of disqualifying the entire attempt, at the discretion of the WCA Delegate.	 Article_H
H2	 The competitor may self supply a flat covering (e.g. a mat or a cloth for the surface, at the discretion of the WCA Delegate. If the competitor wishes to do so, the request must be made at the same time as submitting the number of puzzles (see Regulation H1a.	 Article_H
